code;parent;label-pt_PT;label-en_US;label-es_AR;label-pt_BR
1;;"Root Catalog";"Root Catalog";"Root Catalog";"Root Catalog"
2;1;"Default Store";"Default Store";"Default Store";"Default Store"
537;;"Vitamins & Supplements";"Vitamins & Supplements";"Vitamins & Supplements";"Vitamins & Supplements"
356;2;Cães;Dogs;Perros;Cães
358;2;Gatos;Cats;Gatos;Gatos
681;2;Peixes;Fish;Peces;Peixes
403;2;"Outros Animais";"Small Pets";"Otras Mascotas";"Outros Animais"
419;2;"Produtos Populares";"Popular Products";"Los más buscados";"Produtos Populares"
420;2;"Em Destaque";"Most wanted";Diversión;"Em Destaque"
421;2;"Para os Recém-chegados";"For your new friend";"Para recién llegados";"Para os Recém-chegados"
422;2;"Popular Products HP";"Popular Products HP";"Popular Products HP";"Popular Products HP"
423;2;"Most wanted HP";"Most wanted HP";"Most wanted HP";"Most wanted HP"
424;2;"For your new friend HP";"For your new friend HP";"For your new friend HP";"For your new friend HP"
425;2;k-nine-products;k-nine-products;k-nine-products;k-nine-products
427;2;"ZeeDog Mais populares";"ZeeDog Mais populares";"ZeeDog Mais populares";"ZeeDog Mais populares"
428;2;"ZeeDog Coleiras";"ZeeDog Coleiras";"ZeeDog Coleiras";"ZeeDog Coleiras"
429;2;"ZeeDog Trelas";"ZeeDog Trelas";"ZeeDog Trelas";"ZeeDog Trelas"
430;2;"ZeeDog Peitorais";"ZeeDog Peitorais";"ZeeDog Peitorais";"ZeeDog Peitorais"
431;2;"ZeeDog Outros";"ZeeDog Outros";"ZeeDog Outros";"ZeeDog Outros"
432;2;"ZeeDog Laçarotes";"ZeeDog Laçarotes";"ZeeDog Laçarotes";"ZeeDog Laçarotes"
435;2;Seresto;Seresto;Seresto;Seresto
436;2;"Royal Canin Gatos";"Royal Canin Gatos";"Royal Canin Gatos";"Royal Canin Gatos"
437;2;"Frontline Cães";"Frontline Cães";"Frontline Cães";"Frontline Cães"
438;2;"Frontline Gatos";"Frontline Gatos";"Frontline Gatos";"Frontline Gatos"
439;2;"Royal Canin Cães";"Royal Canin Cães";"Royal Canin Cães";"Royal Canin Cães"
453;2;"ZeeDog Gatos";"ZeeDog Gatos";"ZeeDog Gatos";"ZeeDog Gatos"
454;2;"ZeeDog Brinquedos";"ZeeDog Brinquedos";"ZeeDog Brinquedos";"ZeeDog Brinquedos"
455;2;Rações;Food;Piensos;Rações
458;2;"Acana & Orijen";"Acana & Orijen";"Acana & Orijen";"Acana & Orijen"
463;2;"ZeeDog Mahalo";"ZeeDog Mahalo";"ZeeDog Mahalo";"ZeeDog Mahalo"
464;2;Libra;Libra;Libra;Libra
467;2;Acessórios;Accessories;Accesorios;Acessórios
470;2;Brinquedos;Toys;Juguetes;Brinquedos
473;2;"WestPaw + AlienFlex";"WestPaw + AlienFlex";"WestPaw + AlienFlex";"WestPaw + AlienFlex"
474;2;"Categorias Product Recommender";"Categorias Product Recommender";"Categorias Product Recommender";"Categorias Product Recommender"
515;2;Natal;"On Sale - Christmas";"Rebajas - Navidad";Natal
527;2;"Disable Google Shopping";"Disable Google Shopping";"Disable Google Shopping";"Disable Google Shopping"
528;2;"Primavera 2019";"Spring 2019";"Primavera 2019";"Primavera 2019"
586;2;"ZeeDog Sales";"ZeeDog Sales";"ZeeDog Sales";"ZeeDog Sales"
651;2;"Big Color Blocks HP";"Big Color Blocks HP";"Big Color Blocks HP";"Big Color Blocks HP"
656;2;Promoções;Sales;Rebajas;Promoções
669;2;Newsletter;Newsletter;Newsletter;Newsletter
748;2;"Home Page";"Home Page";"Home Page";"Home Page"
478;474;Castrados;Castrados;Castrados;Castrados
477;474;"Não Castrados";"Não Castrados";"Não Castrados";"Não Castrados"
465;464;"Libra Cão";"Libra Cão";"Libra Cão";"Libra Cão"
410;403;Aves;Birds;Pájaros;Aves
468;467;Cães;Dogs;Perros;Cães
749;748;"Presentes Originais";"Best Gift Ideas";"Mejores Regalos";"Presentes Originais"
471;470;Cães;Dogs;Perros;Cães
516;515;Rações;Food;Piensos;Rações
682;681;Comida;"Food & Treats";Comida;Comida
440;439;"Royal Canin Cães - Dietas especiais";"Royal Canin Cães - Dietas especiais";"Royal Canin Cães - Dietas especiais";"Royal Canin Cães - Dietas especiais"
588;358;Alimentação;Food;Food;Alimentação
587;356;Alimentação;Food;Food;Alimentação
657;656;"West Paw - 50% OFF";"West Paw - 50% OFF";"West Paw - 50% OFF";"West Paw - 50% OFF"
447;436;"Royal Canin Gatos - Nível de Atividade";"Royal Canin Gatos - Nível de Atividade";"Royal Canin Gatos - Nível de Atividade";"Royal Canin Gatos - Nível de Atividade"
652;651;"Big Color Blocks HP - Food";"Big Color Blocks HP - Food";"Big Color Blocks HP - Food";"Big Color Blocks HP - Food"
670;669;Outdoors;Outdoors;Outdoors;Outdoors
456;455;Cães;Dogs;Perros;Cães
405;403;Roedores;Rodents;Roedores;Roedores
459;458;"Acana Gatos";"Acana Gatos";"Acana Gatos";"Acana Gatos"
466;464;"Libra Gato";"Libra Gato";"Libra Gato";"Libra Gato"
441;439;"Royal Canin Cães Snacks";"Royal Canin Cães Snacks";"Royal Canin Cães Snacks";"Royal Canin Cães Snacks"
472;470;Gatos;Cats;Gatos;Gatos
457;455;Gatos;Cats;Gatos;Gatos
469;467;Gatos;Cats;Gatos;Gatos
448;436;"Royal Canin Gatos Raça";"Royal Canin Gatos Raça";"Royal Canin Gatos Raça";"Royal Canin Gatos Raça"
418;403;Répteis;Reptiles;Reptiles;Répteis
364;358;Farmacológicos;"Health & Wellness";Farmacológicos;Farmacológicos
671;669;"Fontes de Água";"Water Fountains";"Water Fountains";"Fontes de água"
517;515;"LP Natal";"LP Natal";"LP Natal";"LP Natal"
742;656;"Black Friday";"Black Friday Best Deals";"Black Friday Best Deals";"Black Friday"
362;356;Farmacológicos;"Health & Wellness";Farmacológicos;Farmacológicos
737;681;Acessórios;Supplies;Supplies;Acessórios
754;748;Bravecto;Bravecto;Bravecto;Bravecto
460;458;"Acana Cães";"Acana Cães";"Acana Cães";"Acana Cães"
480;474;"Portal Home Page";"Portal Home Page";"Portal Home Page";"Portal Home Page"
653;651;"Big Color Blocks HP - Toys";"Big Color Blocks HP - Toys";"Big Color Blocks HP - Toys";"Big Color Blocks HP - Toys"
654;651;"BIg Color Blocks HP - Accessories";"BIg Color Blocks HP - Accessories";"BIg Color Blocks HP - Accessories";"BIg Color Blocks HP - Accessories"
370;356;Acessórios;Accessories;Accesorios;Acessórios
672;669;"Zee.Dog Neopro - Cães";"Zee.Dog Neopro - Dogs";"Zee.Dog Neopro - Dogs";"Zee.Dog Neopro - Cães"
442;439;"Royal Canin Cães Raças";"Royal Canin Cães Raças";"Royal Canin Cães Raças";"Royal Canin Cães Raças"
366;358;Acessórios;Accessories;Accesorios;Acessórios
449;436;"Royal Canin Gatos Vet Care";"Royal Canin Gatos Vet Care";"Royal Canin Gatos Vet Care";"Royal Canin Gatos Vet Care"
521;515;Grooming;Grooming;Grooming;Grooming
461;458;"Orijen Gatos";"Orijen Gatos";"Orijen Gatos";"Orijen Gatos"
747;656;"Black Friday HP";"Black Friday HP";"Black Friday HP";"Black Friday HP"
481;474;"Acessórios e Brinquedos";"Acessórios e Brinquedos";"Acessórios e Brinquedos";"Acessórios e Brinquedos"
462;458;"Orijen Cães";"Orijen Cães";"Orijen Cães";"Orijen Cães"
673;669;"END FLEAS";"END FLEAS";"END FLEAS";"END FLEAS"
450;436;"Royal Canin Gatos Idade";"Royal Canin Gatos Idade";"Royal Canin Gatos Idade";"Royal Canin Gatos Idade"
655;651;"Pele e pêlo";"Skin & Coat Care";"Piel y Pelo";"Pele e pêlo"
443;439;"Royal Canin Cães Giant";"Royal Canin Cães Giant";"Royal Canin Cães Giant";"Royal Canin Cães Giant"
523;515;Brinquedos;Toys;Juguetes;Brinquedos
397;358;Brinquedos;Toys;Juguetes;Brinquedos
376;356;Brinquedos;Toys;Juguetes;Brinquedos
451;436;"Royal Canin Gatos Pure Feline";"Royal Canin Gatos Pure Feline";"Royal Canin Gatos Pure Feline";"Royal Canin Gatos Pure Feline"
444;439;"Royal Canin Cães Maxi";"Royal Canin Cães Maxi";"Royal Canin Cães Maxi";"Royal Canin Cães Maxi"
674;669;"Adaptil 10% Off";"Adaptil 10% Off";"Adaptil 10% Off";"Adaptil 10% Off"
524;515;Acessórios;Accessories;Accessorios;Acessórios
676;669;"Tratar e Prevenir Bolas de Pêlo";"Prevent Hairballs";"Prevent Hairballs";"Tratar e Prevenir Bolas de Pêlo"
487;474;"Tamanho da Raça";"Tamanho da Raça";"Tamanho da Raça";"Tamanho da Raça"
452;436;"Royal Canin Gatos Care Feline";"Royal Canin Gatos Care Feline";"Royal Canin Gatos Care Feline";"Royal Canin Gatos Care Feline"
445;439;"Royal Canin Cães Medium";"Royal Canin Cães Medium";"Royal Canin Cães Medium";"Royal Canin Cães Medium"
501;474;Shedding;Shedding;Shedding;Shedding
446;439;"Royal Canin Cães Mini";"Royal Canin Cães Mini";"Royal Canin Cães Mini";"Royal Canin Cães Mini"
677;669;"Healthy Bites";"Healthy Bites";"Healthy Bites";"Healthy Bites"
504;474;"Fur Type";"Fur Type";"Fur Type";"Fur Type"
678;669;"Oferta Toalha de Praia Dingonatura";"Oferta Toalha de Praia Dingonatura";"Oferta Toalha de Praia Dingonatura";"Oferta Toalha de Praia Dingonatura"
734;669;"Semana Saúde Oral";"Dental Care Week";"Dental Care Week";"Semana Saúde Oral"
509;474;"Fur Color";"Fur Color";"Fur Color";"Fur Color"
736;669;"Dia do Animal";"Animal Day";"Dia de los Animales";"Dia do Animal"
514;474;"Não Recomendado Gestantes e Lactantes";"Não Recomendado Gestantes e Lactantes";"Não Recomendado Gestantes e Lactantes";"Não Recomendado Gestantes e Lactantes"
740;669;"Black Friday -10%";"Black Friday -10%";"Black Friday -10%";"Black Friday -10%"
741;669;"Black Friday -20%";"Black Friday -20%";"Black Friday -20%";"Black Friday -20%"
755;669;"Para o Inverno";"Winter Essentials";"Para el Invierno";"Para o Inverno"
756;669;Gradients;Gradients;Gradients;Gradients
872;669;Grooming;Grooming;Grooming;Grooming
926;669;"Covid-19: Essenciais para Quarentena";"Covid-19: Quarantine Essentials";"Covid-19: Esenciales para Cuarentena";"Covid-19: Essenciais para Quarentena"
930;669;Suplementos;Supplements;Suplementos;Suplementos
933;669;"Trixie 10%";"Trixie 10%";"Trixie 10%";"Trixie 10%"
735;418;"Heating & Lighting";"Heating & Lighting";"Heating & Lighting";"Heating & Lighting"
525;516;Dingo;Dingo;Dingo;Dingo
518;517;Ração;Ração;Ração;Ração
357;587;"Alimentação Seca";"Dry Food";Piensos;"Alimentação Seca"
411;410;Rações;Food;Comida;Rações
502;501;Moderada;Moderada;Moderada;Moderada
730;418;Comida;Food;Comida;Comida
743;742;Zee.Dog;Zee.Dog;Zee.Dog;Zee.Dog
359;588;"Alimentação Seca";"Dry Food";Piensos;"Alimentação Seca"
505;504;Curto;Curto;Curto;Curto
510;509;Branco;Branco;Branco;Branco
363;362;Desparasitantes;"Antiparasitics and repellents";Desparasitación;Desparasitantes
365;364;Desparasitantes;"Antiparasitics and repellents";Desparasitación;Desparasitantes
757;370;Grooming;Grooming;Grooming;Grooming
690;682;"Peixes de Água Doce Tropical";"Tropical Freshwater";"Peces Tropicales de Agua Dulce";"Peixes de Água Doce Tropical"
931;930;"Suplementos para Cães";"Dog Supplements";"Suplementos para Perros";"Suplementos para Cães"
598;376;Exercício;"Fetch Toys";Ejercício;Exercício
406;405;Acessórios;Accessories;Accesorios;Acessórios
683;737;Aquários;"Aquariums & Starter Kits";Acuarios;Aquários
927;926;"Covid-19: Cães - Essenciais para Quarentena";"Covid-19: Quarantine Essentials for Dogs";"Covid-19: Perros - Esenciales para Cuarentena";"Covid-19: Cães - Essenciais para Quarentena"
890;366;"Areias e Acessórios";"Litter & Accessories";"Areias y Accesorios";"Areias e Acessórios"
479;487;"Todos os Tamanhos";"Todos os Tamanhos";"Todos os Tamanhos";"Todos os Tamanhos"
934;671;"Fontes de Água para Cães";"Water Fountains For Dogs";"Water Fountains For Dogs";"Fontes de Água para Cães"
591;397;Bolas;Balls;Pelotas;Bolas
482;487;"Raças Mini";"Raças Mini";"Raças Mini";"Raças Mini"
519;517;Acessórios;Acessórios;Acessórios;Acessórios
744;742;"Woof & Brew";"Woof & Brew";"Woof & Brew";"Woof & Brew"
602;376;"Para Roer";"Chew Toys";Mordedores;"Para Roer"
375;364;"Proteção Renal";"Renal Care";"Protección Renal";"Proteção Renal"
369;588;"Alimentação Húmida";"Wet Food";"Comida Húmeda";"Alimentação Húmida"
684;737;"Incubação de Peixes";"Fish Hatching";"Incubación de Peces";"Incubação de Peixes"
691;682;"Peixes Betta";Betta;"Peces Betta";"Peixes Betta"
592;397;"Peluches e Ratos";"Plush and Mice";"Peluches y Ratones";"Pelúcias e Ratos"
415;410;Acessórios;Accessories;Accesorios;Acessórios
408;418;Acessórios;Accessories;Accesorios;Acessórios
503;501;Elevada;Elevada;Elevada;Elevada
506;504;Longo;Longo;Longo;Longo
526;516;"V&S, Brit, Carnilove";"V&S, Brit, Carnilove";"V&S, Brit, Carnilove";"V&S, Brit, Carnilove"
778;362;"Primeiros Socorros e Recuperação";"First Aid & Recovery";"Primeros Auxilios y Recuperación";"Primeiros Socorros e Recuperação"
770;370;"Limpeza e WC";"Cleaning & Potty";"Limpieza y WC";"Limpeza e WC"
935;671;"Fontes de Água para Gatos";"Water Fountains for Cats";"Water Fountains for Cats";"Fontes de Água para Gatos"
878;366;Grooming;Grooming;Grooming;Grooming
928;926;"Covid-19: Gatos - Essenciais para Quarentena";"Covid-19: Quarantine Essentials for Cats";"Covid-19: Gatos - Esenciales para Cuarentena";"Covid-19: Gatos - Essenciais para Quarentena"
360;587;"Alimentação Húmida";"Wet Food";"Comida Húmeda";"Alimentação Húmida"
409;405;Rações;Food;Comida;Rações
932;930;"Suplementos para Gatos";"Cat Supplements";"Suplementos para Gatos";"Suplementos para Gatos"
511;509;Castanho;Castanho;Castanho;Castanho
483;487;"Raças Pequenas";"Raças Pequenas";"Raças Pequenas";"Raças Pequenas"
378;364;"Proteção Pele e Pêlo";"Skin & Coat Care";"Protección Piel y Pelo";"Proteção Pele e Pêlo"
484;487;"Raças Médias";"Raças Médias";"Raças Médias";"Raças Médias"
532;418;Farmacológicos;Healthcare;Farmacológicos;Farmacológicos
593;397;"Chasers and Teasers";"Chasers and Teasers";"Chasers and Teasers";"Chasers and Teasers"
606;376;Peluches;"Plush Toys";Peluches;Pelúcias
414;405;Farmacológicos;Healthcare;Farmacológicos;Farmacológicos
692;682;"Peixes Dourados";Goldfish;"Peces Dorados";"Peixes Dourados"
520;517;Brinquedos;Brinquedos;Brinquedos;Brinquedos
745;742;Skipdawg;Skipdawg;Skipdawg;Skipdawg
512;509;Preto;Preto;Preto;Preto
361;587;Snacks;Snacks;Snacks;Snacks
685;737;"Limpeza e Manutenção";"Cleaning & Maintenance";"Limpieza y Mantenimiento";"Limpeza e Manutenção"
507;504;Encaracolado;Encaracolado;Encaracolado;Encaracolado
398;588;Snacks;Snacks;Snacks;Snacks
368;362;"Proteção Cardíaca";"Cardiac Protection";"Protección Cardíaca";"Proteção Cardíaca"
531;410;Farmacológicos;Healthcare;Farmacológicos;Farmacológicos
384;366;"Limpeza e Treino";"Cleaning & Training";"Limpieza y Entrenamiento";"Limpeza e Treino"
746;742;Trixie;Trixie;Trixie;Trixie
388;364;"Proteção Intestinal";"Digestive Care";"Protección Intestinal";"Proteção Intestinal"
609;376;Interativos;"Interactive Toys";Interactivos;Interativos
693;682;"Peixes de Água Salgada";"Saltwater Fish";"Peces de Agua Salada";"Peixes de Água Salgada"
379;370;"Trelas, Coleiras e Peitorais";Walk;"Correas, Collars y Arneses";"Trelas, Coleiras e Peitorais"
679;418;"Terrários e Tartarugueiras";"Terrarium & Habitats";"Terrarios y Tortugueras";"Terrários e Tartarugueiras"
738;587;Bebidas;Drinks;Bebidas;Bebidas
686;737;"Decoração e Acessórios";"Décor & Accessories";"Decoración y Accesorios";"Decoração e Acessórios"
434;588;"Suplementos Alimentares";"Food Supplements";"Suplementos Alimentícios";"Suplementos Alimentares"
373;362;"Proteção Articular";"Hip & Joint Care";"Protección Articular";"Proteção Articular"
594;397;Interativos;"Interactive Toys";Interactivos;Interativos
485;487;"Raças Grandes";"Raças Grandes";"Raças Grandes";"Raças Grandes"
522;517;Grooming;Grooming;Grooming;Grooming
508;504;Arame;Arame;Arame;Arame
750;742;Cães;Dogs;Dogs;Cães
739;588;Bebidas;Drinks;Bebidas;Drinks
380;370;Viagem;Travel;Viaje;Viagem
687;737;"Filtros e Material de Filtragem";"Filters & Media";"Filtros y Material Filtrante";"Filtros e Material de Filtragem"
590;366;Arranhadores;Scratchers;Scratchers;Rascadores
374;362;"Proteção Renal";"Renal Care";"Protección   Renal";"Proteção Renal"
486;487;"Raças Gigantes";"Raças Gigantes";"Raças Gigantes";"Raças Gigantes"
612;376;"Cordas e Mordedores";"Rope & Tug Toys";"Cuerdas y Mordedores";"Cordas e Mordedores"
389;364;"Proteção Articular";"Hip & Joint Care";"Protección Articular";"Proteção Articular"
680;418;"Limpeza e Manutenção";"Cleaning & Maintenance";"Limpieza y Mantenimiento";"Limpeza e Manutenção"
433;587;"Suplementos Alimentares";"Food Supplements";"Suplementos Alimenticios";"Suplementos Alimentares"
694;682;"Peixes de Fundo";"Bottom Feeder";"Peces de Fondo";"Peixes de Fundo"
377;362;"Proteção Pele e Pêlo";"Skin & Coat Care";"Protección  Piel e Pelo";"Proteção Pele e Pêlo"
383;370;Treino;Training;Entrenamiento;Treino
695;682;"Peixes Ciclídeo";Cichlid;"Peces Cíclidos";"Peixes Ciclídeo"
417;366;"Camas e Mantas";"Beds & Mats";"Camas y Mantas";"Camas e Mantas"
631;588;Dietas;Diets;Dietas;Dietas
391;364;"Proteção Hepática";"Hepatic Care";"Protección Hepática";"Proteção Hepática"
751;742;Gatos;Cats;Cats;Gatos
714;737;"Saúde e Bem-estar";"Health & Wellness";"Salud y Bienestar";"Saúde e Bem-estar"
613;587;Dietas;Diets;Dietas;Dietas
394;364;"Saúde Oral";"Oral Care";"Salud Oral";"Saúde Oral"
752;742;Peixes;Fish;Fish;Peixes
385;370;"Comedouros e Bebedouros";"Bowls & Feeders";"Comederos y bebederos";"Comedouros e Bebedouros"
696;682;"Peixes Koi e de Lago";"Koi & Pond Fish";"Peces Koi e de Lago";"Peixes Koi e de Lago"
488;481;Acessórios;Acessórios;Acessórios;Acessórios
688;737;"Aquecimento e Luz";"Heating & Lighting";"Calefacción y luz";"Aquecimento e Luz"
382;362;ReforçoImunitário;"Vitamins & Supplements";"Refuerzo Inmunitario";ReforçoImunitário
399;366;"Comedouros e Bebedouros";"Bowls & Feeders";"Comederos y bebederos";"Comedouros e Bebedouros"
386;362;Geriátricos;Geriatric;Geriátrica;Geriátricos
489;481;Areia;Areia;Areia;Areia
697;682;Natural;Natural;Natural;Natural
753;742;"Outros Animais";"Small Pets";"Small Pets";"Outros Animais"
400;366;"Trelas e Coleiras";Walk;"Correas y Collars";"Trelas e Coleiras"
392;370;"Camas e Mantas";"Beds & Mats";"Camas y Mantas";"Camas e Mantas"
402;364;"Saúde Ocular";"Eye Care";"Salud Ocular";"Saúde Ocular"
689;737;"Tratamento da Água";"Water Care";"Tratamiento de Agua";"Tratamento da Água"
698;682;"Invertebrados de Água Salgada";"Saltwater Invertebrate";"Invertebrados de Agua Salada";"Invertebrados de Água Salgada"
381;366;Viagem;Travel;Viaje;Viagem
395;370;"Casotas e Portas";"Dog Houses & Gates";"Casetas y Puertas";"Casotas e Portas"
413;364;"Saúde Auditiva";"Ear Care";"Salud Auditiva";"Saúde Auditiva"
490;481;"Bebedouros e Comedouros";"Bebedouros e Comedouros";"Bebedouros e Comedouros";"Bebedouros e Comedouros"
387;362;"Proteção Intestinal";"Digestive Care";"Protección Intestinal";"Proteção Intestinal"
396;366;"Casotas e Portas";"Crates & Gates";"Casetas y Puertas";"Casotas e Portas"
491;481;Brinquedos;Brinquedos;Brinquedos;Brinquedos
390;362;"Proteção Hepática";"Hepatic Care";"Protección Hepática";"Proteção Hepática"
416;364;"Reforço Imunitário";"Vitamins & Supplements";"Refuerzo Inmunitario";"Reforço Imunitário"
393;362;"Saúde Oral";"Oral Care";"Salud Oral";"Saúde Oral"
492;481;Camas;Camas;Camas;Camas
589;370;Roupa;Clothes;Ropa;Roupa
530;364;Stress;Stress;Stress;Stress
401;362;"Saúde Ocular";"Eye Care";"Salud Ocular";"Saúde Ocular"
493;481;Champôs;Champôs;Champôs;Champôs
584;364;"Vitamins & Supplements";"Vitamins & Supplements";"Vitamins & Supplements";"Vitamins & Supplements"
494;481;Coleiras;Coleiras;Coleiras;Coleiras
412;362;"Saúde Auditiva";"Ear Care";"Salud Auditiva";"Saúde Auditiva"
913;364;"Primeiros Socorros e Recuperação";"First Aid & Recovery";"Primeros Auxilios y Recuperación";"Primeiros Socorros e Recuperação"
495;481;Laçarotes;Laçarotes;Laçarotes;Laçarotes
529;362;Stress;Stress;Stress;Stress
533;362;"Proteção Pancreática";"Pancreatic Care";"Protección Pancreática";"Proteção Pancreática"
496;481;Peitorais;Peitorais;Peitorais;Peitorais
585;362;"Vitamins & Supplements";"Vitamins & Supplements";"Vitamins & Supplements";"Vitamins & Supplements"
497;481;Roupas;Roupas;Roupas;Roupas
498;481;Suplementos;Suplementos;Suplementos;Suplementos
499;481;Trelas;Trelas;Trelas;Trelas
500;481;WC;WC;WC;WC
513;481;Arranhadores;Arranhadores;Arranhadores;Arranhadores
758;757;"Acessorios para Tosquia";"Grooming Tools";"Accesorios Cortapelos";"Acessorios para Tosquia"
914;400;Coleiras;Collars;Collars;Coleiras
372;890;Areia;Litter;Arena;Areia
721;689;"Algicidas e Claridade da Água";"Algaecides & Water Clarity";"Antialgas e clarificadores de Agua";"Algicidas e Claridade da Água"
717;688;"Aquecedores e Termómetros";"Heaters & Thermometers";"Calentadores y Termómetros";"Aquecedores e Termómetros"
715;714;"Fungus e Bactérias";"Fungus & Bacteria Treatments";"Fungus y Bacterias";"Fungus e Bactérias"
917;399;Comedouros;"Bowls & Diners";Comederos;Comedouros
842;385;Comedouros;"Bowls & Diners";Comederos;Comedouros
907;384;"Anti Stress";"Calming Aids";"Anti Stress";"Anti Stress"
834;383;"Trelas e Coleiras para Treino";"Training Leashes & Collars";"Correas y Collares para Entrenamiento";"Trelas e Coleiras para Treino"
850;392;"Almofadões e Colchões";"Pillow Beds";"Cojines y Colchones";"Almofadões e Colchões"
800;379;Peitorais;Harnesses;Arneses;Peitorais
792;398;"Biscoitos e Snacks Estaladiços";"Biscuits & Crunchy Treats";"Galletas y Snacks Crujientes";"Biscoitos e Snacks Estaladiços"
779;361;"Snacks de Higiene Oral";"Dental Treats";"Snacks de Higiene Oral";"Snacks de Higiene Oral"
874;417;"Almofadões e Colchões";"Pillow Beds";"Cojines y Colchones";"Almofadões e Colchões"
817;380;"Malas de Transporte";Carriers;"Bolsos de Transporte";"Malas de Transporte"
858;589;Jackets;Jackets;Jackets;Jackets
879;878;"Acessorios para Tosquia";"Grooming Tools";"Accesorios Cortapelos";"Acessorios para Tosquia"
771;770;"Tapetes Higiénicos e Fraldas";"Potty Pads & Diapers";"Empapadores y Pañales";"Tapetes Higiénicos e Fraldas"
731;730;Tartarugas;Turtles;Tortugas;Tartarugas
710;687;Filtros;Filters;Filtros;Filtros
595;594;"Puzzles e Jogos";"Puzzle Toys and Games";"Puzzle y Juguetes";"Puzzles e Jogos"
610;609;Puzzles;Puzzles;Puzzles;Puzzles
599;598;Bolas;Balls;Pelotas;Bolas
607;606;"Com Enchimento";Stuffed;"Con Relleno";"Com Enchimento"
614;613;"Restrição Calórica";"Restrição Calórica";"Restricción Calórica";"Restrição Calórica"
705;686;"Plantas Artificiais";"Artificial Plants";"Plantas Artificiales";"Plantas Artificiais"
699;685;"Bombas de Ar e Pedras Difusoras";"Air Pumps & Air Stones";"Bombas de Aire y Piedras Difusoras";"Bombas de Ar e Pedras Difusoras"
632;631;"Restrição Calórica";"Restrição Calórica";"Restricción Calórica";"Restrição Calórica"
603;602;"Dureza Média";Moderate;"Dureza Média";"Dureza Média"
851;392;"Camas Reforçadas";"Bolster Beds";"Camas Reforzadas";"Camas Reforçadas"
596;594;"Dispensadores de snacks";"Treat Toys";"Dispensadores de Snacks";"Dispensadores de snacks"
780;361;"Snacks Macios e Para Mastigar";"Soft & Chewy Treats";"Snacks Suaves y Masticables";"Snacks Macios e Para Mastigar"
600;598;Discos;Discs;Discos;Discos
604;602;"Dureza Elevada";Tough;"Dureza Elevada";"Dureza Elevada"
759;757;"Toalhas e Outros";"Bath & Shower Supplies";"Toallas de Baño y Otros";"Toalhas e Outros"
897;890;WC;"Litter Boxes";"Bandejas Sanitárias";WC
880;878;"Champôs e Amaciadores";"Shampoos & Conditioners";"Champús y Acondicionadores";"Champôs e Amaciadores"
915;400;"Trelas e Peitorais";"Leashes & Harnesses";"Correas y Arneses";"Trelas e Peitorais"
875;417;"Camas Cobertas";"Covered Beds";"Camas Cubiertas";"Camas Cobertas"
921;399;Dispensadores;"Feeders & Wateres";Dispensadores;Dispensadores
772;770;"Sacos Higiénicos e Dispensadores";"Poop Bags & Scoopers";"Bolsitas y Dispensadores";"Sacos Higiénicos e Dispensadores"
861;589;"Sweaters & Tops";"Sweaters & Tops";"Sweaters & Tops";"Sweaters & Tops"
846;385;Dispensadores;"Feeders & Wateres";Dispensadores;Dispensadores
718;688;Luminárias;"Light Fixtures";Luminarias;Luminárias
633;631;Cardíacos;Cardiac;Cardíacos;Cardíacos
706;686;"Posters Para Aquários e Madeiras";"Backgrounds & Wood";"Carteles para Acuarios y Maderas";"Posters Para Aquários e Madeiras"
722;689;"Tratamentos Ph";"Ph Treatments";"Tratamientos Ph";"Tratamentos Ph"
821;380;Transportadoras;Kennels;Transportines;Transportadoras
700;685;"Bombas de Água";"Water Pumps & Powerheads";"Bombas de Agua";"Bombas de Água"
793;398;"Snacks Macios e Para Mastigar";"Soft & Chewy Treats";"Snacks Suaves y Masticables";"Snacks Macios e Para Mastigar"
611;609;"Dispensadores de Snacks";"Treat Toys";"Dispensadores de Snacks";"Dispensadores de Snacks"
716;714;"Tratamentos Anti Parasitas e Íctio";"Parasite & Ick Treatments";"Tratamientos Anti Parasitas e Ictio";"Tratamentos Anti Parasitas e Íctio"
804;379;Trelas;Leashes;Correas;Trelas
608;606;"Sem Enchimento";Unstuffed;"Sin Relleno";"Sem Enchimento"
835;383;Repelentes;Repellents;Repelentes;Repelentes
732;730;Lagartos;Lizards;Lagartos;Lagartos
615;613;Cardíacos;Cardiac;Cardíacos;Cardíacos
883;878;"Escovas e Pentes";"Brushes & Combs";"Cepillos y Peines";"Escovas e Pentes"
876;417;"Camas Refrescantes";"Cooling Beds";"Camas Refrescantes";"Camas Refrescantes"
836;383;"Treino de Agilidade";"Agility Training";"Entrenamiento de Agilidad";"Treino de Agilidade"
822;380;"Accessórios Carro";"Car Accessories";"Accessorios Coche";"Accessórios Carro"
775;770;"Tira Manchas e Odores";"Stain & Odor Removers";"Quita Manchas y Olores";"Tira Manchas e Odores"
794;398;"Catnip e Ervas";"Catnip & Grass";"Hierba Gatera y Hierbas";"Catnip e Ervas"
847;385;"Fontes e Filtros";"Fountains & Filters";"Fuentes y Filtros";"Fontes e Filtros"
634;631;Convalescença;Convalescence;Convalecencia;Convalescença
781;361;"Biscoitos e Snacks Estaladiços";"Biscuits & Crunchy Treats";"Galletas y Snacks Crujientes";"Biscoitos e Snacks Estaladiços"
852;392;Cestos;"Basket Beds";Cestas;Cestos
900;890;"Acessórios WC";"Litter Box Accessories";"Accesorios WC";"Acessórios WC"
811;379;"Coleiras e Açaimes";"Collars & Muzzles";"Collares y Bozales";"Coleiras e Açaimes"
707;686;Decoração;Ornaments;Decoración;Decoração
597;594;Túneis;Tunnels;Túneles;Túneis
601;598;Bastões;Sticks;Palos;Bastões
712;687;"Material Filtrante";"Filter Media & Cartridges";"Material Filtrante";"Material Filtrante"
616;613;Convalescença;Convalescence;Convalecencia;Convalescença
701;685;"Bombas Multifuncionais";"Multifunctional Pumps";"Bombas Multifunccionales";"Bombas Multifuncionais"
605;602;"Dureza Máxima";Extreme;"Dureza Máxima";"Dureza Máxima"
723;689;"Sais e Minerais";"Salt & Minerals";"Sales y Minerales";"Sais e Minerais"
719;688;"Lâmpadas para Aquários";"Replacement Bulbs";"Lámparas para Acuarios";"Lâmpadas para Aquários"
865;589;"Acessories & Other Clothes";"Acessories & Other Clothes";"Acessories & Other Clothes";"Acessories & Other Clothes"
916;400;"Placas de Identificação e Outros";"ID Tags & Accessories";"Placas de Identificación y Otros";"Placas de Identificação e Outros"
922;399;"Fontes e Filtros";"Fountains & Filters";"Fuentes y Filtros";"Fontes e Filtros"
760;757;"Champôs e Amaciadores";"Shampoos & Conditioners";"Champús y Acondicionadores";"Champôs e Amaciadores"
909;384;"Tira Manchas e Odores";"Stain & Odor Removers";"Quita Manchas y Olores";"Tira Manchas e Odores"
848;385;"Tapetes para Comedouros";Placemats;"Manteles Individuales";"Tapetes para Comedouros"
929;589;Vestidos;Dresses;Vestidos;Vestidos
728;685;"Bombas De Movimento";"Propeller Pumps";"Bombas De Movimiento";"Bombas De Movimento"
795;398;"Snacks de Malte";"Malt Treats";"Snacks de Malta";"Snacks de Malte"
906;890;"Para Limpar WC";"Cleaner & Deodorizers";"Para Limpiar WC";"Para Limpar WC"
910;384;"Repelentes e Ajudas para Treino";"Repellents & Training Aids";"Repelentes y ayudas de Entrenamiento";"Repelentes e Ajudas para Treino"
828;380;"Carrinhos e Acessórios de bicicleta";"Strollers & Bicycle Trailers";"Cochecitos y Accesorios Bicicleta";"Carrinhos e Acessórios de bicicleta"
720;688;Acessórios;Accessories;Accesorios;Acessórios
763;757;"Escovas e Pentes";"Brushes & Combs";"Cepillos y Peines";"Escovas e Pentes"
708;686;"Areia e Substrato";"Sand & Gravel";"Arenas y Sustratos";"Areia e Substrato"
713;687;"Partes de Filtros e Acessórios";"Filter Parts & Accessories";"Recambios de Filtros y Accesorios";"Partes de Filtros e Acessórios"
815;379;"Placas de Identificação e Outros";"ID Tags & Accessories";"Placas de Identificación y Otros";"Placas de Identificação e Outros"
837;383;Apitos;Whistles;Silbatos;Apitos
776;770;"Purificadores de Ar";"Air Fresheners & Deodorizers";"Purificadores de Aire";"Purificadores de Ar"
853;392;"Camas Cobertas";"Covered Beds";"Camas Cubiertas";"Camas Cobertas"
635;631;Dermatológicos;Dermatologic;Dermatológicos;Dermatológicos
877;417;"Camas para Peitoris e Radiadores";"Windosills and Radiators Beds";"Camas para Alféizares y Radiadores";"Camas para Peitoris e Radiadores"
782;361;"Ossos e Snacks Naturais";"Bones & Natural Chews";"Huesos y Snacks Naturales";"Ossos e Snacks Naturais"
923;399;"Tapetes para Comedouros";Placemat;"Manteles Individuales";"Tapetes para Comedouros"
617;613;Dermatológicos;Dermatológicos;Dermatológicos;Dermatológicos
724;689;Acondicionadores;"Water Conditioners";Acondicionadores;Acondicionadores
884;878;"Grooming Sem Água";"Waterless Grooming";"Grooming Sin Agua";"Grooming Sem Água"
618;613;Diabetes;Diabetes;Diabetes;Diabetes
816;379;Estacas;"Tie Outs";Estacas;Estacas
777;770;"Rolos de Remoção de Pêlos";"Hair Removal & Lint Rollers";"Quita Pelos";"Rolos de Remoção de Pêlos"
924;399;"Armazenamento e Acessórios";"Storage & Accessories";"Almacenamiento y Accesorios";"Armazenamento e Acessórios"
838;383;Dummies;Dummies;Dummies;Dummies
854;392;"Camas Elevadas e Refrescantes";"Elevated & Cooling Beds";"Camas Elevadas y Refrescantes";"Camas Elevadas e Refrescantes"
796;398;"Snacks de Dietas Veterinárias";"Veterinary Diet Treats";"Snacks de Dieta Vereinaria";"Snacks de Dietas Veterinárias"
829;380;"Comedouros e Bebedouros de Viagem";"Travel Bowls & Bags";"Comederos y Bebederos de Viaje";"Comedouros e Bebedouros de Viagem"
911;384;"Purificadores de Ar";"Air Fresheners & Deodorizers";"Purificadores de Aire";"Purificadores de Ar"
888;878;"Cuidados com Patas e Unhas";"Paw & Nail Care";"Cuidado de Uñas y Patas";"Cuidados com Patas e Unhas"
849;385;"Armazenamento e Acessórios";"Storage & Accessories";"Almacenamiento y Accesorios";"Armazenamento e Acessórios"
764;757;"Grooming Sem Água";"Waterless Grooming";"Grooming Sin Agua";"Grooming Sem Água"
729;685;"Bombas Para Drenagem";"Solid Handling & Utility Pumps";"Bombas Para Drenaje";"Bombas Para Drenagem"
783;361;"Snacks de Dietas Veterinárias";"Veterinary Diet Treats";"Snacks de Dieta Vereinaria";"Snacks de Dietas Veterinárias"
636;631;Diabetes;Diabetes;Diabetes;Diabetes
725;689;"Testes de Água";"Water Test Kits";"Teste de Agua";"Testes de Água"
709;686;"Comedouros e Acessórios";"Food Dispensers & Accessories";"Comederos y Accesorios";"Comedouros e Acessórios"
726;689;"Sistemas de Co2 e Acessórios";"Co2 Systems & Accessories";"Systemas de Co2 y Accesorios";"Sistemas de Co2 e Acessórios"
833;380;"Anti-Stress para Viagens";"Travel Aids";"Anti-Stress para Viajes";"Anti-Stress para Viagens"
889;878;"Cuidados com Ouvidos";"Ear Care";"Cuidado del Oído";"Cuidados com Ouvidos"
797;398;"Snacks Naturais";"Natural Treats";"Snacks Naturales";"Snacks Naturais"
702;685;"Escovas e Limpadores";"Brushes & Cleaners";"Cepillos y Limpiadores";"Escovas e Limpadores"
912;384;"Rolos de Remoção de Pêlos";"Hair Removal & Lint Rollers";"Quita Pelos";"Rolos de Remoção de Pêlos"
619;613;Gastrointestinal;Gastrointestinal;Gastrointestinal;Gastrointestinal
784;361;"Snacks Secos";"Dried Treats";"Snacks Secos";"Snacks Secos"
637;631;Gastrointestinal;Gastrointestinal;Gastrointestinal;Gastrointestinal
856;392;"Camas Sofás";"Sofa Beds";"Camas Sofás";"Camas Sofás"
839;383;Clickers;Clickers;Clickers;Clickers
768;757;"Cuidados com Patas e Unhas";"Paw & Nail Care";"Cuidado de Uñas y Patas";"Cuidados com Patas e Unhas"
638;631;"Grain Free";"Grain Free";"Grain Free";"Grain Free"
769;757;"Cuidados com Ouvidos";"Ear Care";"Cuidado del Oído";"Cuidados com Ouvidos"
840;383;"Sacos para Snacks";"Treat Bags";"Bolsas para Snacks";"Sacos para Snacks"
857;392;"Mantas, Almofadas e Capas";"Blankets, Cushions & Covers";"Mantas, Cojines y Fundas";"Mantas, Almofadas e Capas"
785;361;"Snacks para Treino";"Training Treats";"Snacks de Entrenamiento";"Snacks para Treino"
620;613;"Sem Cereais";"Grain Free";"Sin Cereales";"Sem Cereais"
703;685;Sifões;Vacuums;Limpafondos;Sifões
727;689;"Tratamento de Plantas";"Plant Care";"Tratamiento de Plantas";"Tratamento de Plantas"
798;398;"Snacks de Higiene Oral";"Dental Treats";"Snacks de Higiene Oral";"Snacks de Higiene Oral"
639;631;"Bolas de Pêlo";Hairball;"Bolas de Pelo";"Bolas de Pêlo"
841;383;Anti-stress;"Calming Aids";Anti-stress;Anti-stress
621;613;"Atividade Intensa";"High Activity";"Actividad Intensa";"Atividade Intensa"
704;685;"Acessórios de Manutenção";"Maintenance Accessories";"Accesorios de Mantenimiento";"Acessórios de Manutenção"
791;361;"Outros Snacks Mastigáveis";"Other Tough Chews";"Otros Snacks Masticables";"Outros Snacks Mastigáveis"
622;613;"Proteção Articular";"Proteção Articular";"Protección Articular";"Proteção Articular"
640;631;"Atividade Intensa";"High Activity";"Atividad Intensa";"Atividade Intensa"
623;613;Hipoalergénicos;Hipoalergénicos;Hipoalergénicos;Hipoalergénicos
641;631;"Proteção Articular";"Hip & Joint Care";"Protección Articular";"Proteção Articular"
624;613;Metabólicos;Metabolic;Metabolicos;Metabólicos
642;631;Hipoalergénicos;Hypoallergenic;Hipoalergénicos;Hipoalergénicos
643;631;Metabólico;Metabolic;Metabólico;Metabólico
625;613;Neurológicos;Neurological;Neurológicos;Neurológicos
644;631;Neurológicos;Neurological;Neurologicos;Neurológicos
626;613;"Proteção Oral";"Oral Care";"Protección Oral";"Proteção Oral"
645;631;"Proteção Oral";"Oral Care";"Protección Oral";"Proteção Oral"
627;613;"Proteção Renal";"Proteção Renal";"Protección Renal";"Proteção Renal"
628;613;"Digestão Sensível";"Digestão Sensível";"Digestión Sensible";"Digestão Sensível"
646;631;"Proteção Renal";"Renal Care";"Protección Renal";"Proteção Renal"
647;631;"Digestão Sensível";"Digestão Sensível";"Digestión Sensible";"Digestão Sensível"
629;613;Stress;Stress;Stress;Stress
648;631;Stress;Stress;Stress;Stress
630;613;Urinário;Urinário;Urinário;Urinário
925;613;Bio;Bio;Bio;Bio
649;631;"Proteção da Tiróide";"Thyroid Care";"Protección de las Tiroides";"Proteção da Tiróide"
650;631;Urinário;Urinário;Urinário;Urinário
799;631;Bio;Bio;Bio;Bio
901;900;"Pás de Areia";"Litter Scoops";"Palas Para Arena";"Pás de Areia"
885;884;"Banho Sem Água";"Waterless Bath";"Baño Sin Agua";"Banho Sem Água"
898;897;"WC Abertos";"Litter Pans";"Bandejas Sanitárias Abiertas";"WC Abertos"
891;372;Aglomerante;Clumping;Aglomerante;Aglomerante
881;880;Champôs;Shampoos;Champús;Champôs
918;917;"Comederos Clásicos";"Bowls & Dishes";"Comederos Classicos";"Comederos Clásicos"
786;782;Ossos;Bones;Huesos;Ossos
805;804;"Trelas Básicas";"Basic Leashes";"Correas Básicas";"Trelas Básicas"
818;817;Mochilas;Backpacks;Mochilas;Mochilas
801;800;"Peitorais Básicos";"Basic Harnesses";"Arneses Básicos";"Peitorais Básicos"
761;760;Champôs;Shampoos;Champús;Champôs
859;858;"Winter Coats";"Winter Coats";"Winter Coats";"Winter Coats"
830;829;"Garrafas de Água";"Water Bottles";"Botellas de Agua";"Garrafas de Água"
765;764;"Banho Sem Água";"Waterless Bath";"Baño Sin Agua";"Banho Sem Água"
862;861;Shirts;Shirts;Shirts;Shirts
823;822;"Cintos de segurança";"Seat Belts & Restrainers";"Cinturones de Seguridade";"Cintos de segurança"
773;772;"Sacos Higiénicos";"Poop Bags";Bolsitas;"Sacos Higiénicos"
866;865;"Socks & Boots";"Socks & Boots";"Socks & Boots";"Socks & Boots"
812;811;Coleiras;Collars;Collars;Coleiras
843;842;"Comederos Clásicos";"Bowls & Dishes";"Comederos Classicos";"Comederos Clásicos"
819;817;"Malas Tiracolo";Slings;"Bolsos Cruzados";"Malas Tiracolo"
806;804;"Trelas Com Amortecedor";"Shock Absorbent Leashes";"Correas Con Amortiguador";"Trelas Com Amortecedor"
919;917;"Comedouros Elevados";"Elevated Bowls";"Comederos Elevados";"Comedouros Elevados"
899;897;"WC Fechados";"Covered Litters";"Bandejas Sanitárias Cerrados";"WC Fechados"
762;760;Amaciadores;Conditioners;Acondicionadores;Amaciadores
813;811;Açaimes;"Muzzles & Head Collars";Bozales;Açaimes
902;900;Tapetes;Mats;Alfombra;Tapetes
787;782;"Ossos De Pele";Rawhide;"Huesos De Piel";"Ossos De Pele"
892;372;"Não Aglomerante";Non-Clumping;"No Aglomerante";"Não Aglomerante"
867;865;"Bow-ties & Hair Bows";"Bow-ties & Hair Bows";"Bow-ties & Hair Bows";"Bow-ties & Hair Bows"
863;861;Sweaters;Sweaters;Sweaters;Sweaters
774;772;"Dispensadores de Sacos";"Poop Bag Dispensers";"Dispensadores de Bolsas";"Dispensadores de Sacos"
860;858;Raincoats;Raincoats;Raincoats;Raincoats
824;822;"Barras Separadoras";Barriers;"Barreras Separadoras";"Barras Separadoras"
844;842;"Comedouros Elevados";"Elevated Bowls";"Comederos Elevados";"Comedouros Elevados"
766;764;"Sprays para Pêlo";"Grooming Sprays & Detanglers";"Sprays para el Pelo";"Sprays para Pêlo"
886;884;"Sprays para Pêlo";"Grooming Sprays & Detanglers";"Sprays para el Pelo";"Sprays para Pêlo"
802;800;"Peitorais Anti-Puxão";"No Pull Harnesses";"Arneses Anti-Tirones";"Peitorais Anti-Puxão"
831;829;"Taças Portáteis";"Travel Bowls";"Comederos portatiles";"Taças Portáteis"
882;880;Amaciadores;Conditioners;Acondicionadores;Amaciadores
868;865;"Life Jackets & Safety Vests";"Life Jackets & Safety Vests";"Life Jackets & Safety Vests";"Life Jackets & Safety Vests"
788;782;"Ossos De Pele com Carne";"Rawhide With Meat";"Huesos De Piel Con Carne";"Ossos De Pele com Carne"
845;842;"Comedouros Anti-Voracidade";"Slow Feeders";"Comederos Anti-Voracidad";"Comedouros Anti-Voracidade"
864;861;Hoddies;Hoddies;Hoddies;Hoddies
820;817;Malas;Bags;Bolsos;Malas
807;804;"Trelas Extensíveis";"Retractable Leashes";"Correas Extensibles";"Trelas Extensíveis"
825;822;"Capas para os Bancos";"Seat Covers";"Fundas para los Asientos";"Capas para os Bancos"
767;764;"Desodorizantes e Perfumes";"Deodorizing Sprays & Colognes";"Desodorantes y Perfumes";"Desodorizantes e Perfumes"
887;884;"Desodorizantes e Perfumes";"Deodorizing Sprays & Colognes";"Desodorantes y Perfumes";"Desodorizantes e Perfumes"
873;772;"Poop Scoopers";"Poop Scoopers";"Poop Scoopers";"Poop Scoopers"
920;917;"Comedouros Interactivos";"Interactive Feeders";"Comederos Interactivos";"Comedouros Interactivos"
903;900;Filtros;Filters;Filtros;Filtros
832;829;"Bolsas para Snacks";"Treat Pouches";"Bolsas para Snacks";"Bolsas para Snacks"
814;811;"Coleiras para Treino";"Training Collars";"Collares de Entrenamiento";"Coleiras para Treino"
893;372;Perfumada;Scented;Perfumada;Perfumada
904;900;"Sacos Higiénicos";"Waste Bags";"Bolsas Higiénicas";"Sacos Higiénicos"
869;865;Backpacks;Backpacks;Backpacks;Backpacks
808;804;"Trelas Mãos-Livres";"Hands-free Leashes";"Correas Manos-Libres";"Trelas Mãos-Livres"
894;372;"Sem Cheiro";Unscented;"Sin Olor";"Sem Cheiro"
826;822;"Assentos e Caixas de Transporte";"Car Seats & Transport Boxes";"Asientos y cajas de transporte";"Assentos e Caixas de Transporte"
789;782;"Ossos De Pele Recheados";"Rawhide With Filling";"Huesos de Piel Rellenos";"Ossos De Pele Recheados"
827;822;Rampas;Ramps;Rampas;Rampas
809;804;"Trelas Duplas e Acopladores";"Double Leashes & Couplers";"Correas Dobles y Acopladores";"Trelas Duplas e Acopladores"
790;782;"Snacks Naturais";"Natural Chews";"Snacks Naturales";"Snacks Naturais"
905;900;"Armários para Wc";"Litter Box Enclosures";"Armários para Wc";"Armários para Wc"
870;865;Bathrobes;Bathrobes;Bathrobes;Bathrobes
895;372;"Sem Pó";"Dust Free";"Sin Polvo";"Sem Pó"
810;804;"Trelas Para Treino";"Training Leashes";"Correas de Entrenamiento";"Trelas Para Treino"
896;372;Natural;Natural;Natural;Natural
871;865;"Cooling Vests";"Cooling Vests";"Cooling Vests";"Cooling Vests"
